"Program","Year","Period","Week Ending","Geo Level","State","State ANSI","Ag District","Ag District Code","County","County ANSI","Zip Code","Region","watershed_code","Watershed","Commodity","Data Item","Domain","Domain Category","Value","CV (%)"
"CENSUS","2021","YEAR","","STATE","CALIFORNIA","06","","","","","","","00000000","","STRAWBERRIES","STRAWBERRIES, ORGANIC - SALES, MEASURED IN $","ORGANIC STATUS","ORGANIC STATUS: (NOP USDA CERTIFIED)","311,784,980","46.0"
"CENSUS","2021","YEAR","","STATE","CALIFORNIA","06","","","","","","","00000000","","STRAWBERRIES","STRAWBERRIES, ORGANIC - SALES, MEASURED IN CWT","ORGANIC STATUS","ORGANIC STATUS: (NOP USDA CERTIFIED)","1,412,627","51.7"
"CENSUS","2021","YEAR","","STATE","CALIFORNIA","06","","","","","","","00000000","","STRAWBERRIES","STRAWBERRIES, ORGANIC, FRESH MARKET - SALES, MEASURED IN $","ORGANIC STATUS","ORGANIC STATUS: (NOP USDA CERTIFIED)"," (D)","(D)"
"CENSUS","2021","YEAR","","STATE","CALIFORNIA","06","","","","","","","00000000","","STRAWBERRIES","STRAWBERRIES, ORGANIC, FRESH MARKET - SALES, MEASURED IN CWT","ORGANIC STATUS","ORGANIC STATUS: (NOP USDA CERTIFIED)","1,401,384","50.6"
"CENSUS","2021","YEAR","","STATE","CALIFORNIA","06","","","","","","","00000000","","STRAWBERRIES","STRAWBERRIES, ORGANIC, PROCESSING - SALES, MEASURED IN $","ORGANIC STATUS","ORGANIC STATUS: (NOP USDA CERTIFIED)"," (D)","(D)"
"CENSUS","2021","YEAR","","STATE","CALIFORNIA","06","","","","","","","00000000","","STRAWBERRIES","STRAWBERRIES, ORGANIC, PROCESSING - SALES, MEASURED IN CWT","ORGANIC STATUS","ORGANIC STATUS: (NOP USDA CERTIFIED)","11,244","(H)"
"CENSUS","2021","YEAR","","STATE","FLORIDA","12","","","","","","","00000000","","STRAWBERRIES","STRAWBERRIES, ORGANIC - SALES, MEASURED IN $","ORGANIC STATUS","ORGANIC STATUS: (NOP USDA CERTIFIED)","18,358,396","(H)"
"CENSUS","2021","YEAR","","STATE","FLORIDA","12","","","","","","","00000000","","STRAWBERRIES","STRAWBERRIES, ORGANIC - SALES, MEASURED IN CWT","ORGANIC STATUS","ORGANIC STATUS: (NOP USDA CERTIFIED)","67,146","(H)"
"CENSUS","2021","YEAR","","STATE","FLORIDA","12","","","","","","","00000000","","STRAWBERRIES","STRAWBERRIES, ORGANIC, FRESH MARKET - SALES, MEASURED IN $","ORGANIC STATUS","ORGANIC STATUS: (NOP USDA CERTIFIED)","18,358,396","(H)"
"CENSUS","2021","YEAR","","STATE","FLORIDA","12","","","","","","","00000000","","STRAWBERRIES","STRAWBERRIES, ORGANIC, FRESH MARKET - SALES, MEASURED IN CWT","ORGANIC STATUS","ORGANIC STATUS: (NOP USDA CERTIFIED)","67,146","(H)"
"CENSUS","2019","YEAR","","STATE","CALIFORNIA","06","","","","","","","00000000","","STRAWBERRIES","STRAWBERRIES, ORGANIC - SALES, MEASURED IN $","ORGANIC STATUS","ORGANIC STATUS: (NOP USDA CERTIFIED)","300,277,717","33.1"
"CENSUS","2019","YEAR","","STATE","CALIFORNIA","06","","","","","","","00000000","","STRAWBERRIES","STRAWBERRIES, ORGANIC - SALES, MEASURED IN CWT","ORGANIC STATUS","ORGANIC STATUS: (NOP USDA CERTIFIED)","1,384,016","30.4"
"CENSUS","2019","YEAR","","STATE","CALIFORNIA","06","","","","","","","00000000","","STRAWBERRIES","STRAWBERRIES, ORGANIC, FRESH MARKET - SALES, MEASURED IN $","ORGANIC STATUS","ORGANIC STATUS: (NOP USDA CERTIFIED)","275,716,713","35.5"
"CENSUS","2019","YEAR","","STATE","CALIFORNIA","06","","","","","","","00000000","","STRAWBERRIES","STRAWBERRIES, ORGANIC, FRESH MARKET - SALES, MEASURED IN CWT","ORGANIC STATUS","ORGANIC STATUS: (NOP USDA CERTIFIED)","1,177,214","33.7"
"CENSUS","2019","YEAR","","STATE","CALIFORNIA","06","","","","","","","00000000","","STRAWBERRIES","STRAWBERRIES, ORGANIC, PROCESSING - SALES, MEASURED IN $","ORGANIC STATUS","ORGANIC STATUS: (NOP USDA CERTIFIED)","24,561,004","68.3"
"CENSUS","2019","YEAR","","STATE","CALIFORNIA","06","","","","","","","00000000","","STRAWBERRIES","STRAWBERRIES, ORGANIC, PROCESSING - SALES, MEASURED IN CWT","ORGANIC STATUS","ORGANIC STATUS: (NOP USDA CERTIFIED)","206,802","49.3"
"CENSUS","2019","YEAR","","STATE","FLORIDA","12","","","","","","","00000000","","STRAWBERRIES","STRAWBERRIES, ORGANIC - SALES, MEASURED IN $","ORGANIC STATUS","ORGANIC STATUS: (NOP USDA CERTIFIED)","15,055,709","83.4"
"CENSUS","2019","YEAR","","STATE","FLORIDA","12","","","","","","","00000000","","STRAWBERRIES","STRAWBERRIES, ORGANIC - SALES, MEASURED IN CWT","ORGANIC STATUS","ORGANIC STATUS: (NOP USDA CERTIFIED)","59,905","76.3"
"CENSUS","2019","YEAR","","STATE","FLORIDA","12","","","","","","","00000000","","STRAWBERRIES","STRAWBERRIES, ORGANIC, FRESH MARKET - SALES, MEASURED IN $","ORGANIC STATUS","ORGANIC STATUS: (NOP USDA CERTIFIED)","15,055,709","83.4"
"CENSUS","2019","YEAR","","STATE","FLORIDA","12","","","","","","","00000000","","STRAWBERRIES","STRAWBERRIES, ORGANIC, FRESH MARKET - SALES, MEASURED IN CWT","ORGANIC STATUS","ORGANIC STATUS: (NOP USDA CERTIFIED)","59,905","76.3"
"CENSUS","2016","YEAR","","STATE","CALIFORNIA","06","","","","","","","00000000","","STRAWBERRIES","STRAWBERRIES, ORGANIC - SALES, MEASURED IN $","ORGANIC STATUS","ORGANIC STATUS: (NOP USDA CERTIFIED)","231,304,956","13.7"
"CENSUS","2016","YEAR","","STATE","CALIFORNIA","06","","","","","","","00000000","","STRAWBERRIES","STRAWBERRIES, ORGANIC - SALES, MEASURED IN CWT","ORGANIC STATUS","ORGANIC STATUS: (NOP USDA CERTIFIED)","1,446,458","13.5"
"CENSUS","2016","YEAR","","STATE","CALIFORNIA","06","","","","","","","00000000","","STRAWBERRIES","STRAWBERRIES, ORGANIC, FRESH MARKET - SALES, MEASURED IN $","ORGANIC STATUS","ORGANIC STATUS: (NOP USDA CERTIFIED)","211,553,703","13.5"
"CENSUS","2016","YEAR","","STATE","CALIFORNIA","06","","","","","","","00000000","","STRAWBERRIES","STRAWBERRIES, ORGANIC, FRESH MARKET - SALES, MEASURED IN CWT","ORGANIC STATUS","ORGANIC STATUS: (NOP USDA CERTIFIED)","1,221,571","12.9"
"CENSUS","2016","YEAR","","STATE","CALIFORNIA","06","","","","","","","00000000","","STRAWBERRIES","STRAWBERRIES, ORGANIC, PROCESSING - SALES, MEASURED IN $","ORGANIC STATUS","ORGANIC STATUS: (NOP USDA CERTIFIED)","19,751,253","19.7"
"CENSUS","2016","YEAR","","STATE","CALIFORNIA","06","","","","","","","00000000","","STRAWBERRIES","STRAWBERRIES, ORGANIC, PROCESSING - SALES, MEASURED IN CWT","ORGANIC STATUS","ORGANIC STATUS: (NOP USDA CERTIFIED)","224,886","21"
"CENSUS","2016","YEAR","","STATE","FLORIDA","12","","","","","","","00000000","","STRAWBERRIES","STRAWBERRIES, ORGANIC - SALES, MEASURED IN $","ORGANIC STATUS","ORGANIC STATUS: (NOP USDA CERTIFIED)","2,455,805","21.9"
"CENSUS","2016","YEAR","","STATE","FLORIDA","12","","","","","","","00000000","","STRAWBERRIES","STRAWBERRIES, ORGANIC - SALES, MEASURED IN CWT","ORGANIC STATUS","ORGANIC STATUS: (NOP USDA CERTIFIED)","14,532","23.1"
"CENSUS","2016","YEAR","","STATE","FLORIDA","12","","","","","","","00000000","","STRAWBERRIES","STRAWBERRIES, ORGANIC, FRESH MARKET - SALES, MEASURED IN $","ORGANIC STATUS","ORGANIC STATUS: (NOP USDA CERTIFIED)"," (D)","(D)"
"CENSUS","2016","YEAR","","STATE","FLORIDA","12","","","","","","","00000000","","STRAWBERRIES","STRAWBERRIES, ORGANIC, FRESH MARKET - SALES, MEASURED IN CWT","ORGANIC STATUS","ORGANIC STATUS: (NOP USDA CERTIFIED)"," (D)","(D)"
"CENSUS","2016","YEAR","","STATE","FLORIDA","12","","","","","","","00000000","","STRAWBERRIES","STRAWBERRIES, ORGANIC, PROCESSING - SALES, MEASURED IN $","ORGANIC STATUS","ORGANIC STATUS: (NOP USDA CERTIFIED)"," (D)","(D)"
"CENSUS","2016","YEAR","","STATE","FLORIDA","12","","","","","","","00000000","","STRAWBERRIES","STRAWBERRIES, ORGANIC, PROCESSING - SALES, MEASURED IN CWT","ORGANIC STATUS","ORGANIC STATUS: (NOP USDA CERTIFIED)"," (D)","(D)"
"CENSUS","2015","YEAR","","STATE","CALIFORNIA","06","","","","","","","00000000","","STRAWBERRIES","STRAWBERRIES, ORGANIC - SALES, MEASURED IN $","ORGANIC STATUS","ORGANIC STATUS: (NOP USDA CERTIFIED)","144,304,480","52.0"
"CENSUS","2015","YEAR","","STATE","CALIFORNIA","06","","","","","","","00000000","","STRAWBERRIES","STRAWBERRIES, ORGANIC - SALES, MEASURED IN CWT","ORGANIC STATUS","ORGANIC STATUS: (NOP USDA CERTIFIED)","738,062","47.0"
"CENSUS","2015","YEAR","","STATE","FLORIDA","12","","","","","","","00000000","","STRAWBERRIES","STRAWBERRIES, ORGANIC - SALES, MEASURED IN $","ORGANIC STATUS","ORGANIC STATUS: (NOP USDA CERTIFIED)"," (D)","(D)"
"CENSUS","2015","YEAR","","STATE","FLORIDA","12","","","","","","","00000000","","STRAWBERRIES","STRAWBERRIES, ORGANIC - SALES, MEASURED IN CWT","ORGANIC STATUS","ORGANIC STATUS: (NOP USDA CERTIFIED)","8,842","73.6"
"CENSUS","2014","YEAR","","STATE","CALIFORNIA","06","","","","","","","00000000","","STRAWBERRIES","STRAWBERRIES, ORGANIC - SALES IN CONVENTIONAL MARKETS, MEASURED IN $","ORGANIC STATUS","ORGANIC STATUS: (NOP USDA CERTIFIED & EXEMPT)","1,560","65.9"
"CENSUS","2014","YEAR","","STATE","CALIFORNIA","06","","","","","","","00000000","","STRAWBERRIES","STRAWBERRIES, ORGANIC - SALES IN CONVENTIONAL MARKETS, MEASURED IN $","ORGANIC STATUS","ORGANIC STATUS: (NOP USDA CERTIFIED)","1,560","65.9"
"CENSUS","2014","YEAR","","STATE","CALIFORNIA","06","","","","","","","00000000","","STRAWBERRIES","STRAWBERRIES, ORGANIC - SALES IN CONVENTIONAL MARKETS, MEASURED IN CWT","ORGANIC STATUS","ORGANIC STATUS: (NOP USDA CERTIFIED & EXEMPT)","16","63.8"
"CENSUS","2014","YEAR","","STATE","CALIFORNIA","06","","","","","","","00000000","","STRAWBERRIES","STRAWBERRIES, ORGANIC - SALES IN CONVENTIONAL MARKETS, MEASURED IN CWT","ORGANIC STATUS","ORGANIC STATUS: (NOP USDA CERTIFIED)","16","63.8"
"CENSUS","2014","YEAR","","STATE","CALIFORNIA","06","","","","","","","00000000","","STRAWBERRIES","STRAWBERRIES, ORGANIC - SALES IN ORGANIC MARKETS, MEASURED IN $","ORGANIC STATUS","ORGANIC STATUS: (NOP USDA CERTIFIED & EXEMPT)","82,907,889","27.7"
"CENSUS","2014","YEAR","","STATE","CALIFORNIA","06","","","","","","","00000000","","STRAWBERRIES","STRAWBERRIES, ORGANIC - SALES IN ORGANIC MARKETS, MEASURED IN $","ORGANIC STATUS","ORGANIC STATUS: (NOP USDA CERTIFIED)","82,907,889","27.7"
"CENSUS","2014","YEAR","","STATE","CALIFORNIA","06","","","","","","","00000000","","STRAWBERRIES","STRAWBERRIES, ORGANIC - SALES IN ORGANIC MARKETS, MEASURED IN CWT","ORGANIC STATUS","ORGANIC STATUS: (NOP USDA CERTIFIED & EXEMPT)","535,552","31.3"
"CENSUS","2014","YEAR","","STATE","CALIFORNIA","06","","","","","","","00000000","","STRAWBERRIES","STRAWBERRIES, ORGANIC - SALES IN ORGANIC MARKETS, MEASURED IN CWT","ORGANIC STATUS","ORGANIC STATUS: (NOP USDA CERTIFIED)","535,552","31.3"
"CENSUS","2014","YEAR","","STATE","CALIFORNIA","06","","","","","","","00000000","","STRAWBERRIES","STRAWBERRIES, ORGANIC - SALES, MEASURED IN $","ORGANIC STATUS","ORGANIC STATUS: (NOP USDA CERTIFIED & EXEMPT)","82,909,449","27.7"
"CENSUS","2014","YEAR","","STATE","CALIFORNIA","06","","","","","","","00000000","","STRAWBERRIES","STRAWBERRIES, ORGANIC - SALES, MEASURED IN $","ORGANIC STATUS","ORGANIC STATUS: (NOP USDA CERTIFIED)","82,909,449","27.7"
"CENSUS","2014","YEAR","","STATE","CALIFORNIA","06","","","","","","","00000000","","STRAWBERRIES","STRAWBERRIES, ORGANIC - SALES, MEASURED IN CWT","ORGANIC STATUS","ORGANIC STATUS: (NOP USDA CERTIFIED & EXEMPT)","535,569","31.3"
"CENSUS","2014","YEAR","","STATE","CALIFORNIA","06","","","","","","","00000000","","STRAWBERRIES","STRAWBERRIES, ORGANIC - SALES, MEASURED IN CWT","ORGANIC STATUS","ORGANIC STATUS: (NOP USDA CERTIFIED)","535,569","31.3"
"CENSUS","2014","YEAR","","STATE","FLORIDA","12","","","","","","","00000000","","STRAWBERRIES","STRAWBERRIES, ORGANIC - SALES IN ORGANIC MARKETS, MEASURED IN $","ORGANIC STATUS","ORGANIC STATUS: (NOP USDA CERTIFIED & EXEMPT)"," (D)","(D)"
"CENSUS","2014","YEAR","","STATE","FLORIDA","12","","","","","","","00000000","","STRAWBERRIES","STRAWBERRIES, ORGANIC - SALES IN ORGANIC MARKETS, MEASURED IN $","ORGANIC STATUS","ORGANIC STATUS: (NOP USDA CERTIFIED)"," (D)","(D)"
"CENSUS","2014","YEAR","","STATE","FLORIDA","12","","","","","","","00000000","","STRAWBERRIES","STRAWBERRIES, ORGANIC - SALES IN ORGANIC MARKETS, MEASURED IN CWT","ORGANIC STATUS","ORGANIC STATUS: (NOP USDA CERTIFIED & EXEMPT)"," (D)","(D)"
"CENSUS","2014","YEAR","","STATE","FLORIDA","12","","","","","","","00000000","","STRAWBERRIES","STRAWBERRIES, ORGANIC - SALES IN ORGANIC MARKETS, MEASURED IN CWT","ORGANIC STATUS","ORGANIC STATUS: (NOP USDA CERTIFIED)"," (D)","(D)"
"CENSUS","2014","YEAR","","STATE","FLORIDA","12","","","","","","","00000000","","STRAWBERRIES","STRAWBERRIES, ORGANIC - SALES, MEASURED IN $","ORGANIC STATUS","ORGANIC STATUS: (NOP USDA CERTIFIED & EXEMPT)"," (D)","(D)"
"CENSUS","2014","YEAR","","STATE","FLORIDA","12","","","","","","","00000000","","STRAWBERRIES","STRAWBERRIES, ORGANIC - SALES, MEASURED IN $","ORGANIC STATUS","ORGANIC STATUS: (NOP USDA CERTIFIED)"," (D)","(D)"
"CENSUS","2014","YEAR","","STATE","FLORIDA","12","","","","","","","00000000","","STRAWBERRIES","STRAWBERRIES, ORGANIC - SALES, MEASURED IN CWT","ORGANIC STATUS","ORGANIC STATUS: (NOP USDA CERTIFIED & EXEMPT)"," (D)","(D)"
"CENSUS","2014","YEAR","","STATE","FLORIDA","12","","","","","","","00000000","","STRAWBERRIES","STRAWBERRIES, ORGANIC - SALES, MEASURED IN CWT","ORGANIC STATUS","ORGANIC STATUS: (NOP USDA CERTIFIED)"," (D)","(D)"
"CENSUS","2011","YEAR","","STATE","CALIFORNIA","06","","","","","","","00000000","","STRAWBERRIES","STRAWBERRIES, ORGANIC - SALES IN CONVENTIONAL MARKETS, MEASURED IN $","ORGANIC STATUS","ORGANIC STATUS: (NOP USDA CERTIFIED)"," (D)",""
"CENSUS","2011","YEAR","","STATE","CALIFORNIA","06","","","","","","","00000000","","STRAWBERRIES","STRAWBERRIES, ORGANIC - SALES IN CONVENTIONAL MARKETS, MEASURED IN CWT","ORGANIC STATUS","ORGANIC STATUS: (NOP USDA CERTIFIED)"," (D)",""
"CENSUS","2011","YEAR","","STATE","CALIFORNIA","06","","","","","","","00000000","","STRAWBERRIES","STRAWBERRIES, ORGANIC - SALES IN ORGANIC MARKETS, MEASURED IN $","ORGANIC STATUS","ORGANIC STATUS: (NOP USDA CERTIFIED)"," (D)",""
"CENSUS","2011","YEAR","","STATE","CALIFORNIA","06","","","","","","","00000000","","STRAWBERRIES","STRAWBERRIES, ORGANIC - SALES IN ORGANIC MARKETS, MEASURED IN CWT","ORGANIC STATUS","ORGANIC STATUS: (NOP USDA CERTIFIED)"," (D)",""
"CENSUS","2011","YEAR","","STATE","CALIFORNIA","06","","","","","","","00000000","","STRAWBERRIES","STRAWBERRIES, ORGANIC - SALES, MEASURED IN $","ORGANIC STATUS","ORGANIC STATUS: (NOP USDA CERTIFIED)","63,509,695",""
"CENSUS","2011","YEAR","","STATE","CALIFORNIA","06","","","","","","","00000000","","STRAWBERRIES","STRAWBERRIES, ORGANIC - SALES, MEASURED IN CWT","ORGANIC STATUS","ORGANIC STATUS: (NOP USDA CERTIFIED)","366,149",""
"CENSUS","2011","YEAR","","STATE","FLORIDA","12","","","","","","","00000000","","STRAWBERRIES","STRAWBERRIES, ORGANIC - SALES IN ORGANIC MARKETS, MEASURED IN $","ORGANIC STATUS","ORGANIC STATUS: (NOP USDA CERTIFIED)"," (D)",""
"CENSUS","2011","YEAR","","STATE","FLORIDA","12","","","","","","","00000000","","STRAWBERRIES","STRAWBERRIES, ORGANIC - SALES IN ORGANIC MARKETS, MEASURED IN CWT","ORGANIC STATUS","ORGANIC STATUS: (NOP USDA CERTIFIED)","352",""
"CENSUS","2011","YEAR","","STATE","FLORIDA","12","","","","","","","00000000","","STRAWBERRIES","STRAWBERRIES, ORGANIC - SALES, MEASURED IN $","ORGANIC STATUS","ORGANIC STATUS: (NOP USDA CERTIFIED)"," (D)",""
"CENSUS","2011","YEAR","","STATE","FLORIDA","12","","","","","","","00000000","","STRAWBERRIES","STRAWBERRIES, ORGANIC - SALES, MEASURED IN CWT","ORGANIC STATUS","ORGANIC STATUS: (NOP USDA CERTIFIED)","352",""
"CENSUS","2008","YEAR","","STATE","CALIFORNIA","06","","","","","","","00000000","","STRAWBERRIES","STRAWBERRIES, ORGANIC - SALES, MEASURED IN $","ORGANIC STATUS","ORGANIC STATUS: (NOP USDA CERTIFIED & EXEMPT)","40,102,420",""
"CENSUS","2008","YEAR","","STATE","CALIFORNIA","06","","","","","","","00000000","","STRAWBERRIES","STRAWBERRIES, ORGANIC - SALES, MEASURED IN $","ORGANIC STATUS","ORGANIC STATUS: (NOP USDA CERTIFIED)","40,052,591",""
"CENSUS","2008","YEAR","","STATE","CALIFORNIA","06","","","","","","","00000000","","STRAWBERRIES","STRAWBERRIES, ORGANIC - SALES, MEASURED IN $","ORGANIC STATUS","ORGANIC STATUS: (NOP USDA EXEMPT)","49,829",""
"CENSUS","2008","YEAR","","STATE","FLORIDA","12","","","","","","","00000000","","STRAWBERRIES","STRAWBERRIES, ORGANIC - SALES, MEASURED IN $","ORGANIC STATUS","ORGANIC STATUS: (NOP USDA CERTIFIED & EXEMPT)"," (D)",""
"CENSUS","2008","YEAR","","STATE","FLORIDA","12","","","","","","","00000000","","STRAWBERRIES","STRAWBERRIES, ORGANIC - SALES, MEASURED IN $","ORGANIC STATUS","ORGANIC STATUS: (NOP USDA CERTIFIED)"," (D)",""
"CENSUS","2008","YEAR","","STATE","FLORIDA","12","","","","","","","00000000","","STRAWBERRIES","STRAWBERRIES, ORGANIC - SALES, MEASURED IN $","ORGANIC STATUS","ORGANIC STATUS: (NOP USDA EXEMPT)"," (D)",""
"SURVEY","2023","YEAR","","STATE","CALIFORNIA","06","","","","","","","00000000","","STRAWBERRIES","STRAWBERRIES - PRODUCTION, MEASURED IN $","TOTAL","NOT SPECIFIED","2,965,387,000",""
"SURVEY","2023","YEAR","","STATE","CALIFORNIA","06","","","","","","","00000000","","STRAWBERRIES","STRAWBERRIES - PRODUCTION, MEASURED IN CWT","TOTAL","NOT SPECIFIED","24,600,000",""
"SURVEY","2023","YEAR","","STATE","CALIFORNIA","06","","","","","","","00000000","","STRAWBERRIES","STRAWBERRIES, FRESH MARKET - PRODUCTION, MEASURED IN $","TOTAL","NOT SPECIFIED"," (D)",""
"SURVEY","2023","YEAR","","STATE","CALIFORNIA","06","","","","","","","00000000","","STRAWBERRIES","STRAWBERRIES, PROCESSING - PRODUCTION, MEASURED IN $","TOTAL","NOT SPECIFIED"," (D)",""
"SURVEY","2023","YEAR","","STATE","FLORIDA","12","","","","","","","00000000","","STRAWBERRIES","STRAWBERRIES - PRODUCTION, MEASURED IN $","TOTAL","NOT SPECIFIED","433,556,000",""
"SURVEY","2023","YEAR","","STATE","FLORIDA","12","","","","","","","00000000","","STRAWBERRIES","STRAWBERRIES - PRODUCTION, MEASURED IN CWT","TOTAL","NOT SPECIFIED","2,960,000",""
"SURVEY","2023","YEAR","","STATE","FLORIDA","12","","","","","","","00000000","","STRAWBERRIES","STRAWBERRIES, FRESH MARKET - PRODUCTION, MEASURED IN $","TOTAL","NOT SPECIFIED"," (D)",""
"SURVEY","2023","YEAR","","STATE","FLORIDA","12","","","","","","","00000000","","STRAWBERRIES","STRAWBERRIES, PROCESSING - PRODUCTION, MEASURED IN $","TOTAL","NOT SPECIFIED"," (D)",""
"SURVEY","2022","YEAR","","STATE","CALIFORNIA","06","","","","","","","00000000","","STRAWBERRIES","STRAWBERRIES - PRODUCTION, MEASURED IN $","TOTAL","NOT SPECIFIED","2,781,768,000",""
"SURVEY","2022","YEAR","","STATE","CALIFORNIA","06","","","","","","","00000000","","STRAWBERRIES","STRAWBERRIES - PRODUCTION, MEASURED IN CWT","TOTAL","NOT SPECIFIED","25,700,000",""
"SURVEY","2022","YEAR","","STATE","CALIFORNIA","06","","","","","","","00000000","","STRAWBERRIES","STRAWBERRIES, FRESH MARKET - PRODUCTION, MEASURED IN $","TOTAL","NOT SPECIFIED"," (D)",""
"SURVEY","2022","YEAR","","STATE","CALIFORNIA","06","","","","","","","00000000","","STRAWBERRIES","STRAWBERRIES, PROCESSING - PRODUCTION, MEASURED IN $","TOTAL","NOT SPECIFIED"," (D)",""
"SURVEY","2022","YEAR","","STATE","FLORIDA","12","","","","","","","00000000","","STRAWBERRIES","STRAWBERRIES - PRODUCTION, MEASURED IN $","TOTAL","NOT SPECIFIED","477,332,000",""
"SURVEY","2022","YEAR","","STATE","FLORIDA","12","","","","","","","00000000","","STRAWBERRIES","STRAWBERRIES - PRODUCTION, MEASURED IN CWT","TOTAL","NOT SPECIFIED","2,820,000",""
"SURVEY","2022","YEAR","","STATE","FLORIDA","12","","","","","","","00000000","","STRAWBERRIES","STRAWBERRIES, FRESH MARKET - PRODUCTION, MEASURED IN $","TOTAL","NOT SPECIFIED"," (D)",""
"SURVEY","2022","YEAR","","STATE","FLORIDA","12","","","","","","","00000000","","STRAWBERRIES","STRAWBERRIES, PROCESSING - PRODUCTION, MEASURED IN $","TOTAL","NOT SPECIFIED"," (D)",""
"SURVEY","2021","YEAR","","STATE","CALIFORNIA","06","","","","","","","00000000","","STRAWBERRIES","STRAWBERRIES - PRODUCTION, MEASURED IN $","TOTAL","NOT SPECIFIED","3,132,279,000",""
"SURVEY","2021","YEAR","","STATE","CALIFORNIA","06","","","","","","","00000000","","STRAWBERRIES","STRAWBERRIES - PRODUCTION, MEASURED IN CWT","TOTAL","NOT SPECIFIED","25,100,000",""
"SURVEY","2021","YEAR","","STATE","CALIFORNIA","06","","","","","","","00000000","","STRAWBERRIES","STRAWBERRIES, FRESH MARKET - PRODUCTION, MEASURED IN $","TOTAL","NOT SPECIFIED"," (D)",""
"SURVEY","2021","YEAR","","STATE","CALIFORNIA","06","","","","","","","00000000","","STRAWBERRIES","STRAWBERRIES, PROCESSING - PRODUCTION, MEASURED IN $","TOTAL","NOT SPECIFIED"," (D)",""
"SURVEY","2021","YEAR","","STATE","FLORIDA","12","","","","","","","00000000","","STRAWBERRIES","STRAWBERRIES - PRODUCTION, MEASURED IN $","TOTAL","NOT SPECIFIED","451,681,000",""
"SURVEY","2021","YEAR","","STATE","FLORIDA","12","","","","","","","00000000","","STRAWBERRIES","STRAWBERRIES - PRODUCTION, MEASURED IN CWT","TOTAL","NOT SPECIFIED","2,830,000",""
"SURVEY","2021","YEAR","","STATE","FLORIDA","12","","","","","","","00000000","","STRAWBERRIES","STRAWBERRIES, FRESH MARKET - PRODUCTION, MEASURED IN $","TOTAL","NOT SPECIFIED"," (D)",""
"SURVEY","2021","YEAR","","STATE","FLORIDA","12","","","","","","","00000000","","STRAWBERRIES","STRAWBERRIES, PROCESSING - PRODUCTION, MEASURED IN $","TOTAL","NOT SPECIFIED"," (D)",""
"SURVEY","2020","YEAR","","STATE","CALIFORNIA","06","","","","","","","00000000","","STRAWBERRIES","STRAWBERRIES - PRODUCTION, MEASURED IN $","TOTAL","NOT SPECIFIED","2,267,175,000",""
"SURVEY","2020","YEAR","","STATE","CALIFORNIA","06","","","","","","","00000000","","STRAWBERRIES","STRAWBERRIES - PRODUCTION, MEASURED IN CWT","TOTAL","NOT SPECIFIED","24,400,000",""
"SURVEY","2020","YEAR","","STATE","CALIFORNIA","06","","","","","","","00000000","","STRAWBERRIES","STRAWBERRIES, FRESH MARKET - PRODUCTION, MEASURED IN $","TOTAL","NOT SPECIFIED"," (D)",""
"SURVEY","2020","YEAR","","STATE","CALIFORNIA","06","","","","","","","00000000","","STRAWBERRIES","STRAWBERRIES, PROCESSING - PRODUCTION, MEASURED IN $","TOTAL","NOT SPECIFIED"," (D)",""
"SURVEY","2020","YEAR","","STATE","FLORIDA","12","","","","","","","00000000","","STRAWBERRIES","STRAWBERRIES - PRODUCTION, MEASURED IN $","TOTAL","NOT SPECIFIED","324,584,000",""
"SURVEY","2020","YEAR","","STATE","FLORIDA","12","","","","","","","00000000","","STRAWBERRIES","STRAWBERRIES - PRODUCTION, MEASURED IN CWT","TOTAL","NOT SPECIFIED","2,340,000",""
"SURVEY","2020","YEAR","","STATE","FLORIDA","12","","","","","","","00000000","","STRAWBERRIES","STRAWBERRIES, FRESH MARKET - PRODUCTION, MEASURED IN $","TOTAL","NOT SPECIFIED"," (D)",""
"SURVEY","2020","YEAR","","STATE","FLORIDA","12","","","","","","","00000000","","STRAWBERRIES","STRAWBERRIES, PROCESSING - PRODUCTION, MEASURED IN $","TOTAL","NOT SPECIFIED"," (D)",""
"SURVEY","2019","YEAR","","STATE","CALIFORNIA","06","","","","","","","00000000","","STRAWBERRIES","STRAWBERRIES - PRODUCTION, MEASURED IN $","TOTAL","NOT SPECIFIED","2,342,148,000",""
"SURVEY","2019","YEAR","","STATE","CALIFORNIA","06","","","","","","","00000000","","STRAWBERRIES","STRAWBERRIES - PRODUCTION, MEASURED IN CWT","TOTAL","NOT SPECIFIED","21,300,000",""
"SURVEY","2019","YEAR","","STATE","CALIFORNIA","06","","","","","","","00000000","","STRAWBERRIES","STRAWBERRIES, FRESH MARKET - PRODUCTION, MEASURED IN $","TOTAL","NOT SPECIFIED"," (D)",""
"SURVEY","2019","YEAR","","STATE","CALIFORNIA","06","","","","","","","00000000","","STRAWBERRIES","STRAWBERRIES, PROCESSING - PRODUCTION, MEASURED IN $","TOTAL","NOT SPECIFIED"," (D)",""
"SURVEY","2019","YEAR","","STATE","FLORIDA","12","","","","","","","00000000","","STRAWBERRIES","STRAWBERRIES - PRODUCTION, MEASURED IN $","TOTAL","NOT SPECIFIED","407,813,000",""
"SURVEY","2019","YEAR","","STATE","FLORIDA","12","","","","","","","00000000","","STRAWBERRIES","STRAWBERRIES - PRODUCTION, MEASURED IN CWT","TOTAL","NOT SPECIFIED","2,680,000",""
"SURVEY","2019","YEAR","","STATE","FLORIDA","12","","","","","","","00000000","","STRAWBERRIES","STRAWBERRIES, FRESH MARKET - PRODUCTION, MEASURED IN $","TOTAL","NOT SPECIFIED"," (D)",""
"SURVEY","2019","YEAR","","STATE","FLORIDA","12","","","","","","","00000000","","STRAWBERRIES","STRAWBERRIES, PROCESSING - PRODUCTION, MEASURED IN $","TOTAL","NOT SPECIFIED"," (D)",""
"SURVEY","2018","YEAR","","STATE","CALIFORNIA","06","","","","","","","00000000","","STRAWBERRIES","STRAWBERRIES - PRODUCTION, MEASURED IN $","TOTAL","NOT SPECIFIED","2,179,066,000",""
"SURVEY","2018","YEAR","","STATE","CALIFORNIA","06","","","","","","","00000000","","STRAWBERRIES","STRAWBERRIES - PRODUCTION, MEASURED IN CWT","TOTAL","NOT SPECIFIED","24,000,000",""
"SURVEY","2018","YEAR","","STATE","CALIFORNIA","06","","","","","","","00000000","","STRAWBERRIES","STRAWBERRIES, FRESH MARKET - PRODUCTION, MEASURED IN $","TOTAL","NOT SPECIFIED","1,964,352,000",""
"SURVEY","2018","YEAR","","STATE","CALIFORNIA","06","","","","","","","00000000","","STRAWBERRIES","STRAWBERRIES, PROCESSING - PRODUCTION, MEASURED IN $","TOTAL","NOT SPECIFIED","214,714,000",""
"SURVEY","2018","YEAR","","STATE","FLORIDA","12","","","","","","","00000000","","STRAWBERRIES","STRAWBERRIES - PRODUCTION, MEASURED IN $","TOTAL","NOT SPECIFIED","243,800,000",""
"SURVEY","2018","YEAR","","STATE","FLORIDA","12","","","","","","","00000000","","STRAWBERRIES","STRAWBERRIES - PRODUCTION, MEASURED IN CWT","TOTAL","NOT SPECIFIED","2,120,000",""
"SURVEY","2018","YEAR","","STATE","FLORIDA","12","","","","","","","00000000","","STRAWBERRIES","STRAWBERRIES, FRESH MARKET - PRODUCTION, MEASURED IN $","TOTAL","NOT SPECIFIED","243,800,000",""
"SURVEY","2018","YEAR","","STATE","FLORIDA","12","","","","","","","00000000","","STRAWBERRIES","STRAWBERRIES, PROCESSING - PRODUCTION, MEASURED IN $","TOTAL","NOT SPECIFIED","0",""
"SURVEY","2017","YEAR","","STATE","CALIFORNIA","06","","","","","","","00000000","","STRAWBERRIES","STRAWBERRIES - PRODUCTION, MEASURED IN $","TOTAL","NOT SPECIFIED","2,530,903,000",""
"SURVEY","2017","YEAR","","STATE","CALIFORNIA","06","","","","","","","00000000","","STRAWBERRIES","STRAWBERRIES - PRODUCTION, MEASURED IN CWT","TOTAL","NOT SPECIFIED","24,574,500",""
"SURVEY","2017","YEAR","","STATE","CALIFORNIA","06","","","","","","","00000000","","STRAWBERRIES","STRAWBERRIES, FRESH MARKET - PRODUCTION, MEASURED IN $","TOTAL","NOT SPECIFIED","2,336,520,000",""
"SURVEY","2017","YEAR","","STATE","CALIFORNIA","06","","","","","","","00000000","","STRAWBERRIES","STRAWBERRIES, PROCESSING - PRODUCTION, MEASURED IN $","TOTAL","NOT SPECIFIED","194,383,000",""
"SURVEY","2017","YEAR","","STATE","FLORIDA","12","","","","","","","00000000","","STRAWBERRIES","STRAWBERRIES - PRODUCTION, MEASURED IN $","TOTAL","NOT SPECIFIED","299,114,000",""
"SURVEY","2017","YEAR","","STATE","FLORIDA","12","","","","","","","00000000","","STRAWBERRIES","STRAWBERRIES - PRODUCTION, MEASURED IN CWT","TOTAL","NOT SPECIFIED","2,137,500",""
"SURVEY","2017","YEAR","","STATE","FLORIDA","12","","","","","","","00000000","","STRAWBERRIES","STRAWBERRIES, FRESH MARKET - PRODUCTION, MEASURED IN $","TOTAL","NOT SPECIFIED"," (D)",""
"SURVEY","2017","YEAR","","STATE","FLORIDA","12","","","","","","","00000000","","STRAWBERRIES","STRAWBERRIES, PROCESSING - PRODUCTION, MEASURED IN $","TOTAL","NOT SPECIFIED"," (D)",""
"SURVEY","2016","YEAR","","STATE","CALIFORNIA","06","","","","","","","00000000","","STRAWBERRIES","STRAWBERRIES - PRODUCTION, MEASURED IN $","TOTAL","NOT SPECIFIED","2,849,626,000",""
"SURVEY","2016","YEAR","","STATE","CALIFORNIA","06","","","","","","","00000000","","STRAWBERRIES","STRAWBERRIES - PRODUCTION, MEASURED IN CWT","TOTAL","NOT SPECIFIED","27,122,000",""
"SURVEY","2016","YEAR","","STATE","CALIFORNIA","06","","","","","","","00000000","","STRAWBERRIES","STRAWBERRIES, FRESH MARKET - PRODUCTION, MEASURED IN $","TOTAL","NOT SPECIFIED","2,562,053,000",""
"SURVEY","2016","YEAR","","STATE","CALIFORNIA","06","","","","","","","00000000","","STRAWBERRIES","STRAWBERRIES, PROCESSING - PRODUCTION, MEASURED IN $","TOTAL","NOT SPECIFIED","287,573,000",""
"SURVEY","2016","YEAR","","STATE","CALIFORNIA","06","","","","","","","00000000","","STRAWBERRIES","STRAWBERRIES, PROCESSING - PRODUCTION, MEASURED IN CWT","TOTAL","NOT SPECIFIED","6,075,000",""
"SURVEY","2016","YEAR","","STATE","FLORIDA","12","","","","","","","00000000","","STRAWBERRIES","STRAWBERRIES - PRODUCTION, MEASURED IN $","TOTAL","NOT SPECIFIED","323,285,000",""
"SURVEY","2016","YEAR","","STATE","FLORIDA","12","","","","","","","00000000","","STRAWBERRIES","STRAWBERRIES - PRODUCTION, MEASURED IN CWT","TOTAL","NOT SPECIFIED","1,947,500",""
"SURVEY","2016","YEAR","","STATE","FLORIDA","12","","","","","","","00000000","","STRAWBERRIES","STRAWBERRIES, FRESH MARKET - PRODUCTION, MEASURED IN $","TOTAL","NOT SPECIFIED","323,285,000",""
"SURVEY","2016","YEAR","","STATE","FLORIDA","12","","","","","","","00000000","","STRAWBERRIES","STRAWBERRIES, PROCESSING - PRODUCTION, MEASURED IN $","TOTAL","NOT SPECIFIED","0",""
"SURVEY","2015","YEAR","","STATE","CALIFORNIA","06","","","","","","","00000000","","STRAWBERRIES","STRAWBERRIES - PRODUCTION, MEASURED IN $","TOTAL","NOT SPECIFIED","1,875,483,000",""
"SURVEY","2015","YEAR","","STATE","CALIFORNIA","06","","","","","","","00000000","","STRAWBERRIES","STRAWBERRIES - PRODUCTION, MEASURED IN CWT","TOTAL","NOT SPECIFIED","27,697,000",""
"SURVEY","2015","YEAR","","STATE","CALIFORNIA","06","","","","","","","00000000","","STRAWBERRIES","STRAWBERRIES, FRESH MARKET - PRODUCTION, MEASURED IN $","TOTAL","NOT SPECIFIED","1,596,240,000",""
"SURVEY","2015","YEAR","","STATE","CALIFORNIA","06","","","","","","","00000000","","STRAWBERRIES","STRAWBERRIES, FRESH MARKET - PRODUCTION, MEASURED IN CWT","TOTAL","NOT SPECIFIED","21,600,000",""
"SURVEY","2015","YEAR","","STATE","CALIFORNIA","06","","","","","","","00000000","","STRAWBERRIES","STRAWBERRIES, PROCESSING - PRODUCTION, MEASURED IN $","TOTAL","NOT SPECIFIED","279,243,000",""
"SURVEY","2015","YEAR","","STATE","CALIFORNIA","06","","","","","","","00000000","","STRAWBERRIES","STRAWBERRIES, PROCESSING - PRODUCTION, MEASURED IN CWT","TOTAL","NOT SPECIFIED","6,097,000",""
"SURVEY","2015","YEAR","","STATE","FLORIDA","12","","","","","","","00000000","","STRAWBERRIES","STRAWBERRIES - PRODUCTION, MEASURED IN $","TOTAL","NOT SPECIFIED","290,598,000",""
"SURVEY","2015","YEAR","","STATE","FLORIDA","12","","","","","","","00000000","","STRAWBERRIES","STRAWBERRIES - PRODUCTION, MEASURED IN CWT","TOTAL","NOT SPECIFIED","2,442,000",""
"SURVEY","2015","YEAR","","STATE","FLORIDA","12","","","","","","","00000000","","STRAWBERRIES","STRAWBERRIES, FRESH MARKET - PRODUCTION, MEASURED IN $","TOTAL","NOT SPECIFIED","290,598,000",""
"SURVEY","2015","YEAR","","STATE","FLORIDA","12","","","","","","","00000000","","STRAWBERRIES","STRAWBERRIES, FRESH MARKET - PRODUCTION, MEASURED IN CWT","TOTAL","NOT SPECIFIED","2,442,000",""
"SURVEY","2014","YEAR","","STATE","CALIFORNIA","06","","","","","","","00000000","","STRAWBERRIES","STRAWBERRIES - PRODUCTION, MEASURED IN $","TOTAL","NOT SPECIFIED","2,437,918,000",""
"SURVEY","2014","YEAR","","STATE","CALIFORNIA","06","","","","","","","00000000","","STRAWBERRIES","STRAWBERRIES - PRODUCTION, MEASURED IN CWT","TOTAL","NOT SPECIFIED","27,592,000",""
"SURVEY","2014","YEAR","","STATE","CALIFORNIA","06","","","","","","","00000000","","STRAWBERRIES","STRAWBERRIES, FRESH MARKET - PRODUCTION, MEASURED IN $","TOTAL","NOT SPECIFIED","2,210,000,000",""
"SURVEY","2014","YEAR","","STATE","CALIFORNIA","06","","","","","","","00000000","","STRAWBERRIES","STRAWBERRIES, FRESH MARKET - PRODUCTION, MEASURED IN CWT","TOTAL","NOT SPECIFIED","22,100,000",""
"SURVEY","2014","YEAR","","STATE","CALIFORNIA","06","","","","","","","00000000","","STRAWBERRIES","STRAWBERRIES, PROCESSING - PRODUCTION, MEASURED IN $","TOTAL","NOT SPECIFIED","227,918,000",""
"SURVEY","2014","YEAR","","STATE","CALIFORNIA","06","","","","","","","00000000","","STRAWBERRIES","STRAWBERRIES, PROCESSING - PRODUCTION, MEASURED IN CWT","TOTAL","NOT SPECIFIED","5,492,000",""
"SURVEY","2014","YEAR","","STATE","FLORIDA","12","","","","","","","00000000","","STRAWBERRIES","STRAWBERRIES - PRODUCTION, MEASURED IN $","TOTAL","NOT SPECIFIED","306,508,000",""
"SURVEY","2014","YEAR","","STATE","FLORIDA","12","","","","","","","00000000","","STRAWBERRIES","STRAWBERRIES - PRODUCTION, MEASURED IN CWT","TOTAL","NOT SPECIFIED","2,071,000",""
"SURVEY","2014","YEAR","","STATE","FLORIDA","12","","","","","","","00000000","","STRAWBERRIES","STRAWBERRIES, FRESH MARKET - PRODUCTION, MEASURED IN $","TOTAL","NOT SPECIFIED","306,508,000",""
"SURVEY","2014","YEAR","","STATE","FLORIDA","12","","","","","","","00000000","","STRAWBERRIES","STRAWBERRIES, FRESH MARKET - PRODUCTION, MEASURED IN CWT","TOTAL","NOT SPECIFIED","2,071,000",""
"SURVEY","2013","YEAR","","STATE","CALIFORNIA","06","","","","","","","00000000","","STRAWBERRIES","STRAWBERRIES - PRODUCTION, MEASURED IN $","TOTAL","NOT SPECIFIED","2,200,729,000",""
"SURVEY","2013","YEAR","","STATE","CALIFORNIA","06","","","","","","","00000000","","STRAWBERRIES","STRAWBERRIES - PRODUCTION, MEASURED IN CWT","TOTAL","NOT SPECIFIED","27,573,000",""
"SURVEY","2013","YEAR","","STATE","CALIFORNIA","06","","","","","","","00000000","","STRAWBERRIES","STRAWBERRIES, FRESH MARKET - PRODUCTION, MEASURED IN $","TOTAL","NOT SPECIFIED","2,024,779,000",""
"SURVEY","2013","YEAR","","STATE","CALIFORNIA","06","","","","","","","00000000","","STRAWBERRIES","STRAWBERRIES, FRESH MARKET - PRODUCTION, MEASURED IN CWT","TOTAL","NOT SPECIFIED","22,398,000",""
"SURVEY","2013","YEAR","","STATE","CALIFORNIA","06","","","","","","","00000000","","STRAWBERRIES","STRAWBERRIES, PROCESSING - PRODUCTION, MEASURED IN $","TOTAL","NOT SPECIFIED","175,950,000",""
"SURVEY","2013","YEAR","","STATE","CALIFORNIA","06","","","","","","","00000000","","STRAWBERRIES","STRAWBERRIES, PROCESSING - PRODUCTION, MEASURED IN CWT","TOTAL","NOT SPECIFIED","5,175,000",""
"SURVEY","2013","YEAR","","STATE","FLORIDA","12","","","","","","","00000000","","STRAWBERRIES","STRAWBERRIES - PRODUCTION, MEASURED IN $","TOTAL","NOT SPECIFIED","333,476,000",""
"SURVEY","2013","YEAR","","STATE","FLORIDA","12","","","","","","","00000000","","STRAWBERRIES","STRAWBERRIES - PRODUCTION, MEASURED IN CWT","TOTAL","NOT SPECIFIED","2,332,000",""
"SURVEY","2013","YEAR","","STATE","FLORIDA","12","","","","","","","00000000","","STRAWBERRIES","STRAWBERRIES, FRESH MARKET - PRODUCTION, MEASURED IN $","TOTAL","NOT SPECIFIED","333,476,000",""
"SURVEY","2013","YEAR","","STATE","FLORIDA","12","","","","","","","00000000","","STRAWBERRIES","STRAWBERRIES, FRESH MARKET - PRODUCTION, MEASURED IN CWT","TOTAL","NOT SPECIFIED","2,332,000",""
"SURVEY","2012","YEAR","","STATE","CALIFORNIA","06","","","","","","","00000000","","STRAWBERRIES","STRAWBERRIES - PRODUCTION, MEASURED IN $","TOTAL","NOT SPECIFIED","2,130,637,000",""
"SURVEY","2012","YEAR","","STATE","CALIFORNIA","06","","","","","","","00000000","","STRAWBERRIES","STRAWBERRIES - PRODUCTION, MEASURED IN CWT","TOTAL","NOT SPECIFIED","27,646,000",""
"SURVEY","2012","YEAR","","STATE","CALIFORNIA","06","","","","","","","00000000","","STRAWBERRIES","STRAWBERRIES, FRESH MARKET - PRODUCTION, MEASURED IN $","TOTAL","NOT SPECIFIED","1,947,917,000",""
"SURVEY","2012","YEAR","","STATE","CALIFORNIA","06","","","","","","","00000000","","STRAWBERRIES","STRAWBERRIES, FRESH MARKET - PRODUCTION, MEASURED IN CWT","TOTAL","NOT SPECIFIED","21,936,000",""
"SURVEY","2012","YEAR","","STATE","CALIFORNIA","06","","","","","","","00000000","","STRAWBERRIES","STRAWBERRIES, PROCESSING - PRODUCTION, MEASURED IN $","TOTAL","NOT SPECIFIED","182,720,000",""
"SURVEY","2012","YEAR","","STATE","CALIFORNIA","06","","","","","","","00000000","","STRAWBERRIES","STRAWBERRIES, PROCESSING - PRODUCTION, MEASURED IN CWT","TOTAL","NOT SPECIFIED","5,710,000",""
"SURVEY","2012","YEAR","","STATE","FLORIDA","12","","","","","","","00000000","","STRAWBERRIES","STRAWBERRIES - PRODUCTION, MEASURED IN $","TOTAL","NOT SPECIFIED","244,860,000",""
"SURVEY","2012","YEAR","","STATE","FLORIDA","12","","","","","","","00000000","","STRAWBERRIES","STRAWBERRIES - PRODUCTION, MEASURED IN CWT","TOTAL","NOT SPECIFIED","2,226,000",""
"SURVEY","2012","YEAR","","STATE","FLORIDA","12","","","","","","","00000000","","STRAWBERRIES","STRAWBERRIES, FRESH MARKET - PRODUCTION, MEASURED IN $","TOTAL","NOT SPECIFIED","244,860,000",""
"SURVEY","2012","YEAR","","STATE","FLORIDA","12","","","","","","","00000000","","STRAWBERRIES","STRAWBERRIES, FRESH MARKET - PRODUCTION, MEASURED IN CWT","TOTAL","NOT SPECIFIED","2,226,000",""
"SURVEY","2011","YEAR","","STATE","CALIFORNIA","06","","","","","","","00000000","","STRAWBERRIES","STRAWBERRIES - PRODUCTION, MEASURED IN $","TOTAL","NOT SPECIFIED","1,943,757,000",""
"SURVEY","2011","YEAR","","STATE","CALIFORNIA","06","","","","","","","00000000","","STRAWBERRIES","STRAWBERRIES - PRODUCTION, MEASURED IN CWT","TOTAL","NOT SPECIFIED","25,846,000",""
"SURVEY","2011","YEAR","","STATE","CALIFORNIA","06","","","","","","","00000000","","STRAWBERRIES","STRAWBERRIES, FRESH MARKET - PRODUCTION, MEASURED IN $","TOTAL","NOT SPECIFIED","1,761,778,000",""
"SURVEY","2011","YEAR","","STATE","CALIFORNIA","06","","","","","","","00000000","","STRAWBERRIES","STRAWBERRIES, FRESH MARKET - PRODUCTION, MEASURED IN CWT","TOTAL","NOT SPECIFIED","20,462,000",""
"SURVEY","2011","YEAR","","STATE","CALIFORNIA","06","","","","","","","00000000","","STRAWBERRIES","STRAWBERRIES, PROCESSING - PRODUCTION, MEASURED IN $","TOTAL","NOT SPECIFIED","181,979,000",""
"SURVEY","2011","YEAR","","STATE","CALIFORNIA","06","","","","","","","00000000","","STRAWBERRIES","STRAWBERRIES, PROCESSING - PRODUCTION, MEASURED IN CWT","TOTAL","NOT SPECIFIED","5,384,000",""
"SURVEY","2011","YEAR","","STATE","FLORIDA","12","","","","","","","00000000","","STRAWBERRIES","STRAWBERRIES - PRODUCTION, MEASURED IN $","TOTAL","NOT SPECIFIED","366,300,000",""
"SURVEY","2011","YEAR","","STATE","FLORIDA","12","","","","","","","00000000","","STRAWBERRIES","STRAWBERRIES - PRODUCTION, MEASURED IN CWT","TOTAL","NOT SPECIFIED","2,475,000",""
"SURVEY","2011","YEAR","","STATE","FLORIDA","12","","","","","","","00000000","","STRAWBERRIES","STRAWBERRIES, FRESH MARKET - PRODUCTION, MEASURED IN $","TOTAL","NOT SPECIFIED","366,300,000",""
"SURVEY","2011","YEAR","","STATE","FLORIDA","12","","","","","","","00000000","","STRAWBERRIES","STRAWBERRIES, FRESH MARKET - PRODUCTION, MEASURED IN CWT","TOTAL","NOT SPECIFIED","2,475,000",""
"SURVEY","2010","YEAR","","STATE","CALIFORNIA","06","","","","","","","00000000","","STRAWBERRIES","STRAWBERRIES - PRODUCTION, MEASURED IN $","TOTAL","NOT SPECIFIED","1,813,557,000",""
"SURVEY","2010","YEAR","","STATE","CALIFORNIA","06","","","","","","","00000000","","STRAWBERRIES","STRAWBERRIES - PRODUCTION, MEASURED IN CWT","TOTAL","NOT SPECIFIED","25,859,000",""
"SURVEY","2010","YEAR","","STATE","CALIFORNIA","06","","","","","","","00000000","","STRAWBERRIES","STRAWBERRIES, FRESH MARKET - PRODUCTION, MEASURED IN $","TOTAL","NOT SPECIFIED","1,674,335,000",""
"SURVEY","2010","YEAR","","STATE","CALIFORNIA","06","","","","","","","00000000","","STRAWBERRIES","STRAWBERRIES, FRESH MARKET - PRODUCTION, MEASURED IN CWT","TOTAL","NOT SPECIFIED","20,851,000",""
"SURVEY","2010","YEAR","","STATE","CALIFORNIA","06","","","","","","","00000000","","STRAWBERRIES","STRAWBERRIES, PROCESSING - PRODUCTION, MEASURED IN $","TOTAL","NOT SPECIFIED","139,222,000",""
"SURVEY","2010","YEAR","","STATE","CALIFORNIA","06","","","","","","","00000000","","STRAWBERRIES","STRAWBERRIES, PROCESSING - PRODUCTION, MEASURED IN CWT","TOTAL","NOT SPECIFIED","5,008,000",""
"SURVEY","2010","YEAR","","STATE","FLORIDA","12","","","","","","","00000000","","STRAWBERRIES","STRAWBERRIES - PRODUCTION, MEASURED IN $","TOTAL","NOT SPECIFIED","362,032,000",""
"SURVEY","2010","YEAR","","STATE","FLORIDA","12","","","","","","","00000000","","STRAWBERRIES","STRAWBERRIES - PRODUCTION, MEASURED IN CWT","TOTAL","NOT SPECIFIED","1,936,000",""
"SURVEY","2010","YEAR","","STATE","FLORIDA","12","","","","","","","00000000","","STRAWBERRIES","STRAWBERRIES, FRESH MARKET - PRODUCTION, MEASURED IN $","TOTAL","NOT SPECIFIED","362,032,000",""
"SURVEY","2010","YEAR","","STATE","FLORIDA","12","","","","","","","00000000","","STRAWBERRIES","STRAWBERRIES, FRESH MARKET - PRODUCTION, MEASURED IN CWT","TOTAL","NOT SPECIFIED","1,936,000",""
"SURVEY","2009","YEAR","","STATE","CALIFORNIA","06","","","","","","","00000000","","STRAWBERRIES","STRAWBERRIES - PRODUCTION, MEASURED IN $","TOTAL","NOT SPECIFIED","1,725,232,000",""
"SURVEY","2009","YEAR","","STATE","CALIFORNIA","06","","","","","","","00000000","","STRAWBERRIES","STRAWBERRIES - PRODUCTION, MEASURED IN CWT","TOTAL","NOT SPECIFIED","24,856,000",""
"SURVEY","2009","YEAR","","STATE","CALIFORNIA","06","","","","","","","00000000","","STRAWBERRIES","STRAWBERRIES, FRESH MARKET - PRODUCTION, MEASURED IN $","TOTAL","NOT SPECIFIED","1,583,160,000",""
"SURVEY","2009","YEAR","","STATE","CALIFORNIA","06","","","","","","","00000000","","STRAWBERRIES","STRAWBERRIES, FRESH MARKET - PRODUCTION, MEASURED IN CWT","TOTAL","NOT SPECIFIED","20,040,000",""
"SURVEY","2009","YEAR","","STATE","CALIFORNIA","06","","","","","","","00000000","","STRAWBERRIES","STRAWBERRIES, PROCESSING - PRODUCTION, MEASURED IN $","TOTAL","NOT SPECIFIED","142,072,000",""
"SURVEY","2009","YEAR","","STATE","CALIFORNIA","06","","","","","","","00000000","","STRAWBERRIES","STRAWBERRIES, PROCESSING - PRODUCTION, MEASURED IN CWT","TOTAL","NOT SPECIFIED","4,816,000",""
"SURVEY","2009","YEAR","","STATE","FLORIDA","12","","","","","","","00000000","","STRAWBERRIES","STRAWBERRIES - PRODUCTION, MEASURED IN $","TOTAL","NOT SPECIFIED","313,632,000",""
"SURVEY","2009","YEAR","","STATE","FLORIDA","12","","","","","","","00000000","","STRAWBERRIES","STRAWBERRIES - PRODUCTION, MEASURED IN CWT","TOTAL","NOT SPECIFIED","2,376,000",""
"SURVEY","2009","YEAR","","STATE","FLORIDA","12","","","","","","","00000000","","STRAWBERRIES","STRAWBERRIES, FRESH MARKET - PRODUCTION, MEASURED IN $","TOTAL","NOT SPECIFIED","313,632,000",""
"SURVEY","2009","YEAR","","STATE","FLORIDA","12","","","","","","","00000000","","STRAWBERRIES","STRAWBERRIES, FRESH MARKET - PRODUCTION, MEASURED IN CWT","TOTAL","NOT SPECIFIED","2,376,000",""
"SURVEY","2008","YEAR","","STATE","CALIFORNIA","06","","","","","","","00000000","","STRAWBERRIES","STRAWBERRIES - PRODUCTION, MEASURED IN $","TOTAL","NOT SPECIFIED","1,578,175,000",""
"SURVEY","2008","YEAR","","STATE","CALIFORNIA","06","","","","","","","00000000","","STRAWBERRIES","STRAWBERRIES - PRODUCTION, MEASURED IN CWT","TOTAL","NOT SPECIFIED","22,675,000",""
"SURVEY","2008","YEAR","","STATE","CALIFORNIA","06","","","","","","","00000000","","STRAWBERRIES","STRAWBERRIES, FRESH MARKET - PRODUCTION, MEASURED IN $","TOTAL","NOT SPECIFIED","1,438,167,000",""
"SURVEY","2008","YEAR","","STATE","CALIFORNIA","06","","","","","","","00000000","","STRAWBERRIES","STRAWBERRIES, FRESH MARKET - PRODUCTION, MEASURED IN CWT","TOTAL","NOT SPECIFIED","18,605,000",""
"SURVEY","2008","YEAR","","STATE","CALIFORNIA","06","","","","","","","00000000","","STRAWBERRIES","STRAWBERRIES, PROCESSING - PRODUCTION, MEASURED IN $","TOTAL","NOT SPECIFIED","140,008,000",""
"SURVEY","2008","YEAR","","STATE","CALIFORNIA","06","","","","","","","00000000","","STRAWBERRIES","STRAWBERRIES, PROCESSING - PRODUCTION, MEASURED IN CWT","TOTAL","NOT SPECIFIED","4,070,000",""
"SURVEY","2008","YEAR","","STATE","FLORIDA","12","","","","","","","00000000","","STRAWBERRIES","STRAWBERRIES - PRODUCTION, MEASURED IN $","TOTAL","NOT SPECIFIED","249,366,000",""
"SURVEY","2008","YEAR","","STATE","FLORIDA","12","","","","","","","00000000","","STRAWBERRIES","STRAWBERRIES - PRODUCTION, MEASURED IN CWT","TOTAL","NOT SPECIFIED","1,794,000",""
"SURVEY","2008","YEAR","","STATE","FLORIDA","12","","","","","","","00000000","","STRAWBERRIES","STRAWBERRIES, FRESH MARKET - PRODUCTION, MEASURED IN $","TOTAL","NOT SPECIFIED","249,366,000",""
"SURVEY","2008","YEAR","","STATE","FLORIDA","12","","","","","","","00000000","","STRAWBERRIES","STRAWBERRIES, FRESH MARKET - PRODUCTION, MEASURED IN CWT","TOTAL","NOT SPECIFIED","1,794,000",""
"SURVEY","2007","YEAR","","STATE","CALIFORNIA","06","","","","","","","00000000","","STRAWBERRIES","STRAWBERRIES - PRODUCTION, MEASURED IN $","TOTAL","NOT SPECIFIED","1,410,652,000",""
"SURVEY","2007","YEAR","","STATE","CALIFORNIA","06","","","","","","","00000000","","STRAWBERRIES","STRAWBERRIES - PRODUCTION, MEASURED IN CWT","TOTAL","NOT SPECIFIED","21,540,000",""
"SURVEY","2007","YEAR","","STATE","CALIFORNIA","06","","","","","","","00000000","","STRAWBERRIES","STRAWBERRIES, FRESH MARKET - PRODUCTION, MEASURED IN $","TOTAL","NOT SPECIFIED","1,298,936,000",""
"SURVEY","2007","YEAR","","STATE","CALIFORNIA","06","","","","","","","00000000","","STRAWBERRIES","STRAWBERRIES, FRESH MARKET - PRODUCTION, MEASURED IN CWT","TOTAL","NOT SPECIFIED","17,159,000",""
"SURVEY","2007","YEAR","","STATE","CALIFORNIA","06","","","","","","","00000000","","STRAWBERRIES","STRAWBERRIES, PROCESSING - PRODUCTION, MEASURED IN $","TOTAL","NOT SPECIFIED","111,716,000",""
"SURVEY","2007","YEAR","","STATE","CALIFORNIA","06","","","","","","","00000000","","STRAWBERRIES","STRAWBERRIES, PROCESSING - PRODUCTION, MEASURED IN CWT","TOTAL","NOT SPECIFIED","4,381,000",""
"SURVEY","2007","YEAR","","STATE","FLORIDA","12","","","","","","","00000000","","STRAWBERRIES","STRAWBERRIES - PRODUCTION, MEASURED IN $","TOTAL","NOT SPECIFIED","261,888,000",""
"SURVEY","2007","YEAR","","STATE","FLORIDA","12","","","","","","","00000000","","STRAWBERRIES","STRAWBERRIES - PRODUCTION, MEASURED IN CWT","TOTAL","NOT SPECIFIED","2,112,000",""
"SURVEY","2007","YEAR","","STATE","FLORIDA","12","","","","","","","00000000","","STRAWBERRIES","STRAWBERRIES, FRESH MARKET - PRODUCTION, MEASURED IN $","TOTAL","NOT SPECIFIED","261,888,000",""
"SURVEY","2007","YEAR","","STATE","FLORIDA","12","","","","","","","00000000","","STRAWBERRIES","STRAWBERRIES, FRESH MARKET - PRODUCTION, MEASURED IN CWT","TOTAL","NOT SPECIFIED","2,112,000",""
"SURVEY","2006","YEAR","","STATE","CALIFORNIA","06","","","","","","","00000000","","STRAWBERRIES","STRAWBERRIES - PRODUCTION, MEASURED IN $","TOTAL","NOT SPECIFIED","1,199,341,000",""
"SURVEY","2006","YEAR","","STATE","CALIFORNIA","06","","","","","","","00000000","","STRAWBERRIES","STRAWBERRIES - PRODUCTION, MEASURED IN CWT","TOTAL","NOT SPECIFIED","21,163,000",""
"SURVEY","2006","YEAR","","STATE","CALIFORNIA","06","","","","","","","00000000","","STRAWBERRIES","STRAWBERRIES, FRESH MARKET - PRODUCTION, MEASURED IN $","TOTAL","NOT SPECIFIED","1,076,884,000",""
"SURVEY","2006","YEAR","","STATE","CALIFORNIA","06","","","","","","","00000000","","STRAWBERRIES","STRAWBERRIES, FRESH MARKET - PRODUCTION, MEASURED IN CWT","TOTAL","NOT SPECIFIED","16,542,000",""
"SURVEY","2006","YEAR","","STATE","CALIFORNIA","06","","","","","","","00000000","","STRAWBERRIES","STRAWBERRIES, PROCESSING - PRODUCTION, MEASURED IN $","TOTAL","NOT SPECIFIED","122,457,000",""
"SURVEY","2006","YEAR","","STATE","CALIFORNIA","06","","","","","","","00000000","","STRAWBERRIES","STRAWBERRIES, PROCESSING - PRODUCTION, MEASURED IN CWT","TOTAL","NOT SPECIFIED","4,621,000",""
"SURVEY","2006","YEAR","","STATE","FLORIDA","12","","","","","","","00000000","","STRAWBERRIES","STRAWBERRIES - PRODUCTION, MEASURED IN $","TOTAL","NOT SPECIFIED","239,148,000",""
"SURVEY","2006","YEAR","","STATE","FLORIDA","12","","","","","","","00000000","","STRAWBERRIES","STRAWBERRIES - PRODUCTION, MEASURED IN CWT","TOTAL","NOT SPECIFIED","2,044,000",""
"SURVEY","2006","YEAR","","STATE","FLORIDA","12","","","","","","","00000000","","STRAWBERRIES","STRAWBERRIES, FRESH MARKET - PRODUCTION, MEASURED IN $","TOTAL","NOT SPECIFIED","239,148,000",""
"SURVEY","2006","YEAR","","STATE","FLORIDA","12","","","","","","","00000000","","STRAWBERRIES","STRAWBERRIES, FRESH MARKET - PRODUCTION, MEASURED IN CWT","TOTAL","NOT SPECIFIED","2,044,000",""
"SURVEY","2005","YEAR","","STATE","CALIFORNIA","06","","","","","","","00000000","","STRAWBERRIES","STRAWBERRIES - PRODUCTION, MEASURED IN $","TOTAL","NOT SPECIFIED","1,122,834,000",""
"SURVEY","2005","YEAR","","STATE","CALIFORNIA","06","","","","","","","00000000","","STRAWBERRIES","STRAWBERRIES - PRODUCTION, MEASURED IN CWT","TOTAL","NOT SPECIFIED","20,580,000",""
"SURVEY","2005","YEAR","","STATE","CALIFORNIA","06","","","","","","","00000000","","STRAWBERRIES","STRAWBERRIES, FRESH MARKET - PRODUCTION, MEASURED IN $","TOTAL","NOT SPECIFIED","990,645,000",""
"SURVEY","2005","YEAR","","STATE","CALIFORNIA","06","","","","","","","00000000","","STRAWBERRIES","STRAWBERRIES, FRESH MARKET - PRODUCTION, MEASURED IN CWT","TOTAL","NOT SPECIFIED","15,825,000",""
"SURVEY","2005","YEAR","","STATE","CALIFORNIA","06","","","","","","","00000000","","STRAWBERRIES","STRAWBERRIES, PROCESSING - PRODUCTION, MEASURED IN $","TOTAL","NOT SPECIFIED","132,189,000",""
"SURVEY","2005","YEAR","","STATE","CALIFORNIA","06","","","","","","","00000000","","STRAWBERRIES","STRAWBERRIES, PROCESSING - PRODUCTION, MEASURED IN CWT","TOTAL","NOT SPECIFIED","4,755,000",""
"SURVEY","2005","YEAR","","STATE","FLORIDA","12","","","","","","","00000000","","STRAWBERRIES","STRAWBERRIES - PRODUCTION, MEASURED IN $","TOTAL","NOT SPECIFIED","196,790,000",""
"SURVEY","2005","YEAR","","STATE","FLORIDA","12","","","","","","","00000000","","STRAWBERRIES","STRAWBERRIES - PRODUCTION, MEASURED IN CWT","TOTAL","NOT SPECIFIED","1,789,000",""
"SURVEY","2005","YEAR","","STATE","FLORIDA","12","","","","","","","00000000","","STRAWBERRIES","STRAWBERRIES, FRESH MARKET - PRODUCTION, MEASURED IN $","TOTAL","NOT SPECIFIED","196,790,000",""
"SURVEY","2005","YEAR","","STATE","FLORIDA","12","","","","","","","00000000","","STRAWBERRIES","STRAWBERRIES, FRESH MARKET - PRODUCTION, MEASURED IN CWT","TOTAL","NOT SPECIFIED","1,789,000",""
"SURVEY","2004","YEAR","","STATE","CALIFORNIA","06","","","","","","","00000000","","STRAWBERRIES","STRAWBERRIES - PRODUCTION, MEASURED IN $","TOTAL","NOT SPECIFIED","1,040,900,000",""
"SURVEY","2004","YEAR","","STATE","CALIFORNIA","06","","","","","","","00000000","","STRAWBERRIES","STRAWBERRIES - PRODUCTION, MEASURED IN CWT","TOTAL","NOT SPECIFIED","19,588,000",""
"SURVEY","2004","YEAR","","STATE","CALIFORNIA","06","","","","","","","00000000","","STRAWBERRIES","STRAWBERRIES, FRESH MARKET - PRODUCTION, MEASURED IN $","TOTAL","NOT SPECIFIED","922,426,000",""
"SURVEY","2004","YEAR","","STATE","CALIFORNIA","06","","","","","","","00000000","","STRAWBERRIES","STRAWBERRIES, FRESH MARKET - PRODUCTION, MEASURED IN CWT","TOTAL","NOT SPECIFIED","14,830,000",""
"SURVEY","2004","YEAR","","STATE","CALIFORNIA","06","","","","","","","00000000","","STRAWBERRIES","STRAWBERRIES, PROCESSING - PRODUCTION, MEASURED IN $","TOTAL","NOT SPECIFIED","118,474,000",""
"SURVEY","2004","YEAR","","STATE","CALIFORNIA","06","","","","","","","00000000","","STRAWBERRIES","STRAWBERRIES, PROCESSING - PRODUCTION, MEASURED IN CWT","TOTAL","NOT SPECIFIED","4,758,000",""
"SURVEY","2004","YEAR","","STATE","FLORIDA","12","","","","","","","00000000","","STRAWBERRIES","STRAWBERRIES - PRODUCTION, MEASURED IN $","TOTAL","NOT SPECIFIED","177,997,000",""
"SURVEY","2004","YEAR","","STATE","FLORIDA","12","","","","","","","00000000","","STRAWBERRIES","STRAWBERRIES - PRODUCTION, MEASURED IN CWT","TOTAL","NOT SPECIFIED","1,633,000",""
"SURVEY","2004","YEAR","","STATE","FLORIDA","12","","","","","","","00000000","","STRAWBERRIES","STRAWBERRIES, FRESH MARKET - PRODUCTION, MEASURED IN $","TOTAL","NOT SPECIFIED","177,997,000",""
"SURVEY","2004","YEAR","","STATE","FLORIDA","12","","","","","","","00000000","","STRAWBERRIES","STRAWBERRIES, FRESH MARKET - PRODUCTION, MEASURED IN CWT","TOTAL","NOT SPECIFIED","1,633,000",""
"SURVEY","2003","YEAR","","STATE","CALIFORNIA","06","","","","","","","00000000","","STRAWBERRIES","STRAWBERRIES - PRODUCTION, MEASURED IN $","TOTAL","NOT SPECIFIED","1,172,537,000",""
"SURVEY","2003","YEAR","","STATE","CALIFORNIA","06","","","","","","","00000000","","STRAWBERRIES","STRAWBERRIES - PRODUCTION, MEASURED IN CWT","TOTAL","NOT SPECIFIED","19,092,000",""
"SURVEY","2003","YEAR","","STATE","CALIFORNIA","06","","","","","","","00000000","","STRAWBERRIES","STRAWBERRIES, FRESH MARKET - PRODUCTION, MEASURED IN $","TOTAL","NOT SPECIFIED","1,046,646,000",""
"SURVEY","2003","YEAR","","STATE","CALIFORNIA","06","","","","","","","00000000","","STRAWBERRIES","STRAWBERRIES, FRESH MARKET - PRODUCTION, MEASURED IN CWT","TOTAL","NOT SPECIFIED","14,377,000",""
"SURVEY","2003","YEAR","","STATE","CALIFORNIA","06","","","","","","","00000000","","STRAWBERRIES","STRAWBERRIES, PROCESSING - PRODUCTION, MEASURED IN $","TOTAL","NOT SPECIFIED","125,891,000",""
"SURVEY","2003","YEAR","","STATE","CALIFORNIA","06","","","","","","","00000000","","STRAWBERRIES","STRAWBERRIES, PROCESSING - PRODUCTION, MEASURED IN CWT","TOTAL","NOT SPECIFIED","4,715,000",""
"SURVEY","2003","YEAR","","STATE","FLORIDA","12","","","","","","","00000000","","STRAWBERRIES","STRAWBERRIES - PRODUCTION, MEASURED IN $","TOTAL","NOT SPECIFIED","129,177,000",""
"SURVEY","2003","YEAR","","STATE","FLORIDA","12","","","","","","","00000000","","STRAWBERRIES","STRAWBERRIES - PRODUCTION, MEASURED IN CWT","TOTAL","NOT SPECIFIED","1,562,000",""
"SURVEY","2003","YEAR","","STATE","FLORIDA","12","","","","","","","00000000","","STRAWBERRIES","STRAWBERRIES, FRESH MARKET - PRODUCTION, MEASURED IN $","TOTAL","NOT SPECIFIED","129,177,000",""
"SURVEY","2003","YEAR","","STATE","FLORIDA","12","","","","","","","00000000","","STRAWBERRIES","STRAWBERRIES, FRESH MARKET - PRODUCTION, MEASURED IN CWT","TOTAL","NOT SPECIFIED","1,562,000",""
"SURVEY","2002","YEAR","","STATE","CALIFORNIA","06","","","","","","","00000000","","STRAWBERRIES","STRAWBERRIES - PRODUCTION, MEASURED IN $","TOTAL","NOT SPECIFIED","931,649,000",""
"SURVEY","2002","YEAR","","STATE","CALIFORNIA","06","","","","","","","00000000","","STRAWBERRIES","STRAWBERRIES - PRODUCTION, MEASURED IN CWT","TOTAL","NOT SPECIFIED","16,097,000",""
"SURVEY","2002","YEAR","","STATE","CALIFORNIA","06","","","","","","","00000000","","STRAWBERRIES","STRAWBERRIES, FRESH MARKET - PRODUCTION, MEASURED IN $","TOTAL","NOT SPECIFIED","793,905,000",""
"SURVEY","2002","YEAR","","STATE","CALIFORNIA","06","","","","","","","00000000","","STRAWBERRIES","STRAWBERRIES, FRESH MARKET - PRODUCTION, MEASURED IN CWT","TOTAL","NOT SPECIFIED","11,779,000",""
"SURVEY","2002","YEAR","","STATE","CALIFORNIA","06","","","","","","","00000000","","STRAWBERRIES","STRAWBERRIES, PROCESSING - PRODUCTION, MEASURED IN $","TOTAL","NOT SPECIFIED","137,744,000",""
"SURVEY","2002","YEAR","","STATE","CALIFORNIA","06","","","","","","","00000000","","STRAWBERRIES","STRAWBERRIES, PROCESSING - PRODUCTION, MEASURED IN CWT","TOTAL","NOT SPECIFIED","4,318,000",""
"SURVEY","2002","YEAR","","STATE","FLORIDA","12","","","","","","","00000000","","STRAWBERRIES","STRAWBERRIES - PRODUCTION, MEASURED IN $","TOTAL","NOT SPECIFIED","153,472,000",""
"SURVEY","2002","YEAR","","STATE","FLORIDA","12","","","","","","","00000000","","STRAWBERRIES","STRAWBERRIES - PRODUCTION, MEASURED IN CWT","TOTAL","NOT SPECIFIED","1,760,000",""
"SURVEY","2002","YEAR","","STATE","FLORIDA","12","","","","","","","00000000","","STRAWBERRIES","STRAWBERRIES, FRESH MARKET - PRODUCTION, MEASURED IN $","TOTAL","NOT SPECIFIED","153,472,000",""
"SURVEY","2002","YEAR","","STATE","FLORIDA","12","","","","","","","00000000","","STRAWBERRIES","STRAWBERRIES, FRESH MARKET - PRODUCTION, MEASURED IN CWT","TOTAL","NOT SPECIFIED","1,760,000",""
"SURVEY","2001","YEAR","","STATE","CALIFORNIA","06","","","","","","","00000000","","STRAWBERRIES","STRAWBERRIES - PRODUCTION, MEASURED IN $","TOTAL","NOT SPECIFIED","826,478,000",""
"SURVEY","2001","YEAR","","STATE","CALIFORNIA","06","","","","","","","00000000","","STRAWBERRIES","STRAWBERRIES - PRODUCTION, MEASURED IN CWT","TOTAL","NOT SPECIFIED","13,728,000",""
"SURVEY","2001","YEAR","","STATE","CALIFORNIA","06","","","","","","","00000000","","STRAWBERRIES","STRAWBERRIES, FRESH MARKET - PRODUCTION, MEASURED IN $","TOTAL","NOT SPECIFIED","729,863,000",""
"SURVEY","2001","YEAR","","STATE","CALIFORNIA","06","","","","","","","00000000","","STRAWBERRIES","STRAWBERRIES, FRESH MARKET - PRODUCTION, MEASURED IN CWT","TOTAL","NOT SPECIFIED","10,338,000",""
"SURVEY","2001","YEAR","","STATE","CALIFORNIA","06","","","","","","","00000000","","STRAWBERRIES","STRAWBERRIES, PROCESSING - PRODUCTION, MEASURED IN $","TOTAL","NOT SPECIFIED","96,615,000",""
"SURVEY","2001","YEAR","","STATE","CALIFORNIA","06","","","","","","","00000000","","STRAWBERRIES","STRAWBERRIES, PROCESSING - PRODUCTION, MEASURED IN CWT","TOTAL","NOT SPECIFIED","3,390,000",""
"SURVEY","2001","YEAR","","STATE","FLORIDA","12","","","","","","","00000000","","STRAWBERRIES","STRAWBERRIES - PRODUCTION, MEASURED IN $","TOTAL","NOT SPECIFIED","167,310,000",""
"SURVEY","2001","YEAR","","STATE","FLORIDA","12","","","","","","","00000000","","STRAWBERRIES","STRAWBERRIES - PRODUCTION, MEASURED IN CWT","TOTAL","NOT SPECIFIED","1,690,000",""
"SURVEY","2001","YEAR","","STATE","FLORIDA","12","","","","","","","00000000","","STRAWBERRIES","STRAWBERRIES, FRESH MARKET - PRODUCTION, MEASURED IN $","TOTAL","NOT SPECIFIED","167,310,000",""
"SURVEY","2001","YEAR","","STATE","FLORIDA","12","","","","","","","00000000","","STRAWBERRIES","STRAWBERRIES, FRESH MARKET - PRODUCTION, MEASURED IN CWT","TOTAL","NOT SPECIFIED","1,690,000",""
"SURVEY","2000","YEAR","","STATE","CALIFORNIA","06","","","","","","","00000000","","STRAWBERRIES","STRAWBERRIES - PRODUCTION, MEASURED IN $","TOTAL","NOT SPECIFIED","800,334,000",""
"SURVEY","2000","YEAR","","STATE","CALIFORNIA","06","","","","","","","00000000","","STRAWBERRIES","STRAWBERRIES - PRODUCTION, MEASURED IN CWT","TOTAL","NOT SPECIFIED","15,732,000",""
"SURVEY","2000","YEAR","","STATE","CALIFORNIA","06","","","","","","","00000000","","STRAWBERRIES","STRAWBERRIES, FRESH MARKET - PRODUCTION, MEASURED IN $","TOTAL","NOT SPECIFIED","707,205,000",""
"SURVEY","2000","YEAR","","STATE","CALIFORNIA","06","","","","","","","00000000","","STRAWBERRIES","STRAWBERRIES, FRESH MARKET - PRODUCTION, MEASURED IN CWT","TOTAL","NOT SPECIFIED","11,518,000",""
"SURVEY","2000","YEAR","","STATE","CALIFORNIA","06","","","","","","","00000000","","STRAWBERRIES","STRAWBERRIES, PROCESSING - PRODUCTION, MEASURED IN $","TOTAL","NOT SPECIFIED","93,129,000",""
"SURVEY","2000","YEAR","","STATE","CALIFORNIA","06","","","","","","","00000000","","STRAWBERRIES","STRAWBERRIES, PROCESSING - PRODUCTION, MEASURED IN CWT","TOTAL","NOT SPECIFIED","4,214,000",""
"SURVEY","2000","YEAR","","STATE","FLORIDA","12","","","","","","","00000000","","STRAWBERRIES","STRAWBERRIES - PRODUCTION, MEASURED IN $","TOTAL","NOT SPECIFIED","167,580,000",""
"SURVEY","2000","YEAR","","STATE","FLORIDA","12","","","","","","","00000000","","STRAWBERRIES","STRAWBERRIES - PRODUCTION, MEASURED IN CWT","TOTAL","NOT SPECIFIED","2,205,000",""
"SURVEY","2000","YEAR","","STATE","FLORIDA","12","","","","","","","00000000","","STRAWBERRIES","STRAWBERRIES, FRESH MARKET - PRODUCTION, MEASURED IN $","TOTAL","NOT SPECIFIED","167,580,000",""
"SURVEY","2000","YEAR","","STATE","FLORIDA","12","","","","","","","00000000","","STRAWBERRIES","STRAWBERRIES, FRESH MARKET - PRODUCTION, MEASURED IN CWT","TOTAL","NOT SPECIFIED","2,205,000",""
"SURVEY","1999","YEAR","","STATE","CALIFORNIA","06","","","","","","","00000000","","STRAWBERRIES","STRAWBERRIES - PRODUCTION, MEASURED IN $","TOTAL","NOT SPECIFIED","916,856,000",""
"SURVEY","1999","YEAR","","STATE","CALIFORNIA","06","","","","","","","00000000","","STRAWBERRIES","STRAWBERRIES - PRODUCTION, MEASURED IN CWT","TOTAL","NOT SPECIFIED","15,351,000",""
"SURVEY","1999","YEAR","","STATE","CALIFORNIA","06","","","","","","","00000000","","STRAWBERRIES","STRAWBERRIES, FRESH MARKET - PRODUCTION, MEASURED IN $","TOTAL","NOT SPECIFIED","768,718,000",""
"SURVEY","1999","YEAR","","STATE","CALIFORNIA","06","","","","","","","00000000","","STRAWBERRIES","STRAWBERRIES, FRESH MARKET - PRODUCTION, MEASURED IN CWT","TOTAL","NOT SPECIFIED","10,603,000",""
"SURVEY","1999","YEAR","","STATE","CALIFORNIA","06","","","","","","","00000000","","STRAWBERRIES","STRAWBERRIES, PROCESSING - PRODUCTION, MEASURED IN $","TOTAL","NOT SPECIFIED","148,138,000",""
"SURVEY","1999","YEAR","","STATE","CALIFORNIA","06","","","","","","","00000000","","STRAWBERRIES","STRAWBERRIES, PROCESSING - PRODUCTION, MEASURED IN CWT","TOTAL","NOT SPECIFIED","4,748,000",""
"SURVEY","1999","YEAR","","STATE","FLORIDA","12","","","","","","","00000000","","STRAWBERRIES","STRAWBERRIES - PRODUCTION, MEASURED IN $","TOTAL","NOT SPECIFIED","150,660,000",""
"SURVEY","1999","YEAR","","STATE","FLORIDA","12","","","","","","","00000000","","STRAWBERRIES","STRAWBERRIES - PRODUCTION, MEASURED IN CWT","TOTAL","NOT SPECIFIED","1,860,000",""
"SURVEY","1999","YEAR","","STATE","FLORIDA","12","","","","","","","00000000","","STRAWBERRIES","STRAWBERRIES, FRESH MARKET - PRODUCTION, MEASURED IN $","TOTAL","NOT SPECIFIED","150,660,000",""
"SURVEY","1999","YEAR","","STATE","FLORIDA","12","","","","","","","00000000","","STRAWBERRIES","STRAWBERRIES, FRESH MARKET - PRODUCTION, MEASURED IN CWT","TOTAL","NOT SPECIFIED","1,860,000",""
"SURVEY","1998","YEAR","","STATE","CALIFORNIA","06","","","","","","","00000000","","STRAWBERRIES","STRAWBERRIES - PRODUCTION, MEASURED IN $","TOTAL","NOT SPECIFIED","756,848,000",""
"SURVEY","1998","YEAR","","STATE","CALIFORNIA","06","","","","","","","00000000","","STRAWBERRIES","STRAWBERRIES - PRODUCTION, MEASURED IN CWT","TOTAL","NOT SPECIFIED","13,552,000",""
"SURVEY","1998","YEAR","","STATE","CALIFORNIA","06","","","","","","","00000000","","STRAWBERRIES","STRAWBERRIES, FRESH MARKET - PRODUCTION, MEASURED IN $","TOTAL","NOT SPECIFIED","624,208,000",""
"SURVEY","1998","YEAR","","STATE","CALIFORNIA","06","","","","","","","00000000","","STRAWBERRIES","STRAWBERRIES, FRESH MARKET - PRODUCTION, MEASURED IN CWT","TOTAL","NOT SPECIFIED","9,086,000",""
"SURVEY","1998","YEAR","","STATE","CALIFORNIA","06","","","","","","","00000000","","STRAWBERRIES","STRAWBERRIES, PROCESSING - PRODUCTION, MEASURED IN $","TOTAL","NOT SPECIFIED","132,640,000",""
"SURVEY","1998","YEAR","","STATE","CALIFORNIA","06","","","","","","","00000000","","STRAWBERRIES","STRAWBERRIES, PROCESSING - PRODUCTION, MEASURED IN CWT","TOTAL","NOT SPECIFIED","4,466,000",""
"SURVEY","1998","YEAR","","STATE","FLORIDA","12","","","","","","","00000000","","STRAWBERRIES","STRAWBERRIES - PRODUCTION, MEASURED IN $","TOTAL","NOT SPECIFIED","161,200,000",""
"SURVEY","1998","YEAR","","STATE","FLORIDA","12","","","","","","","00000000","","STRAWBERRIES","STRAWBERRIES - PRODUCTION, MEASURED IN CWT","TOTAL","NOT SPECIFIED","1,612,000",""
"SURVEY","1998","YEAR","","STATE","FLORIDA","12","","","","","","","00000000","","STRAWBERRIES","STRAWBERRIES, FRESH MARKET - PRODUCTION, MEASURED IN $","TOTAL","NOT SPECIFIED","161,200,000",""
"SURVEY","1998","YEAR","","STATE","FLORIDA","12","","","","","","","00000000","","STRAWBERRIES","STRAWBERRIES, FRESH MARKET - PRODUCTION, MEASURED IN CWT","TOTAL","NOT SPECIFIED","1,612,000",""
